nom,prix,poids,image,site
Pilons de Poulet Ter’hal 1kg,3 700 CFA,1kg,https://guinarshop.com/wp-content/uploads/2019/05/Pilon-filigrane-small-300x268.png,guinarshop.com
Poulet de Chair Entier Ter’hal 1kg,2 700 CFA,1kg,https://guinarshop.com/wp-content/uploads/2019/07/Poulet-Congele%CC%81-Terhal-1kg-300x268.jpg,guinarshop.com
Cuisses de Poulet Ter’hal 1kg,2 900 CFA,1kg,https://guinarshop.com/wp-content/uploads/2019/05/CuissesDePouletTerHal-filigrane-small-300x268.png,guinarshop.com
Blanc de Poulet Ter’hal 1kg,4 500 CFA,1kg,https://guinarshop.com/wp-content/uploads/2019/07/BlancDePouletTerHal-300x268.jpg,guinarshop.com
"Poulet de Chair Entier Ter’hal 1,5kg",3 600 CFA,"1,5kg",https://guinarshop.com/wp-content/uploads/2019/07/Poulet-Congele%CC%81-Terhal-15kg-300x268.jpg,guinarshop.com
Ailes de Poulet Ter’hal 1kg,3 000 CFA,1kg,https://guinarshop.com/wp-content/uploads/2019/07/AilesDePouletTerHal-300x268.jpg,guinarshop.com
"Poulet de Chair Entier Ter’hal 1,2kg",3 100 CFA,"1,2kg",https://guinarshop.com/wp-content/uploads/2019/05/Poulet-Congele%CC%81-Terhal-300x268.jpg,guinarshop.com
"Poulet Entier Gallior 1,5kg",3 800 CFA,"1,5kg",https://guinarshop.com/wp-content/uploads/2022/05/Gallior-300x300.jpg,guinarshop.com
Coquelet Ter’hal 500-600g,1 800 CFA,,https://guinarshop.com/wp-content/uploads/2022/03/IMG_7551-300x300.jpg,guinarshop.com
"Poulet de Chair Entier Ter’hal 1,4kg",3 300 CFA,"1,4kg",https://guinarshop.com/wp-content/uploads/2019/05/Poulet-Congele%CC%81-Terhal-300x268.jpg,guinarshop.com
"Poulet Entier Gallior 1,7kg",4 100 CFA,"1,7kg",https://guinarshop.com/wp-content/uploads/2022/05/Gallior-300x300.jpg,guinarshop.com
"Poulet Entier Gallior 1,4kg",3 700 CFA,"1,4kg",https://guinarshop.com/wp-content/uploads/2022/05/Gallior-300x300.jpg,guinarshop.com
Poulets Entiers Ter’hal (Congelés),2 700 CFA,,https://guinarshop.com/wp-content/uploads/2019/05/Poulet-Congele%CC%81-Terhal-300x268.jpg,guinarshop.com
